Sex,Age,Year,Incidence,Population,Mortality
fem,0 — 4,1993,0,4534755,0
fem,0 — 4,1994,0,4147028,0
fem,0 — 4,1995,0,3839139,0
fem,0 — 4,1996,0,3572617,0
fem,0 — 4,1997,0,3369560,0
fem,0 — 4,1998,0,3259226,0
fem,0 — 4,1999,0,3175987,0
fem,0 — 4,2000,0,3093527,0
fem,0 — 4,2001,0,3038417,0
fem,0 — 4,2002,0,3068119,0
fem,0 — 4,2003,0,3134592,0
fem,0 — 4,2004,0,3227900,0
fem,0 — 4,2005,0,3323426,0
fem,0 — 4,2006,0,3470957,0
fem,0 — 4,2007,0,3568826,0
fem,0 — 4,2008,0,3682162,0
fem,0 — 4,2009,0,3806146,0
fem,0 — 4,2010,0,3870387,0
fem,0 — 4,2011,0,4002932,0
fem,0 — 4,2012,0,4155683,0
fem,0 — 4,2013,0,4279743,0
fem,0 — 4,2014,0,4329960,0
fem,0 — 4,2015,0,4504022,0
fem,0 — 4,2016,0,4623793,0
fem,0 — 4,2017,0,4658056,0
fem,0 — 4,2018,0,4544133,0
fem,05 — 09,1993,0,5960541,0
fem,05 — 09,1994,0,5863154,0
fem,05 — 09,1995,0,5703748,0
fem,05 — 09,1996,0,5435910,0
fem,05 — 09,1997,0,5051426,0
fem,05 — 09,1998,0,4606602,0
fem,05 — 09,1999,0,4200328,0
fem,05 — 09,2000,0,3873857,0
fem,05 — 09,2001,0,3571958,0
fem,05 — 09,2002,0,3361623,0
fem,05 — 09,2003,0,3267376,0
fem,05 — 09,2004,0,3182569,0
fem,05 — 09,2005,0,3103840,0
fem,05 — 09,2006,0,3123587,0
fem,05 — 09,2007,0,3138850,0
fem,05 — 09,2008,0,3202078,0
fem,05 — 09,2009,0,3296942,0
fem,05 — 09,2010,0,3354051,0
fem,05 — 09,2011,0,3509332,0
fem,05 — 09,2012,0,3588032,0
fem,05 — 09,2013,0,3686038,0
fem,05 — 09,2014,0,3740558,0
fem,05 — 09,2015,0,3906027,0
fem,05 — 09,2016,0,4006543,0
fem,05 — 09,2017,0,4169495,0
fem,05 — 09,2018,0,4320203,0
fem,10 — 14,1993,0,5550099,0
fem,10 — 14,1994,0,5700064,0
fem,10 — 14,1995,0,5814965,0
fem,10 — 14,1996,0,5926286,0
fem,10 — 14,1997,0,6029325,0
fem,10 — 14,1998,0,6031188,0
fem,10 — 14,1999,0,5921202,0
fem,10 — 14,2000,0,5743862,0
fem,10 — 14,2001,0,5426563,0
fem,10 — 14,2002,0,5034643,0
fem,10 — 14,2003,0,4692750,0
fem,10 — 14,2004,0,4267588,0
fem,10 — 14,2005,0,3913578,0
fem,10 — 14,2006,0,3685200,0
fem,10 — 14,2007,0,3466498,0
fem,10 — 14,2008,0,3337609,0
fem,10 — 14,2009,0,3255926,0
fem,10 — 14,2010,0,3208057,0
fem,10 — 14,2011,0,3211068,0
fem,10 — 14,2012,0,3231760,0
fem,10 — 14,2013,0,3293500,0
fem,10 — 14,2014,0,3325774,0
fem,10 — 14,2015,0,3474984,0
fem,10 — 14,2016,0,3541066,0
fem,10 — 14,2017,0,3617034,0
fem,10 — 14,2018,0,3708397,0
fem,15 — 19,1993,0,5198134,0
fem,15 — 19,1994,0,5270209,0
fem,15 — 19,1995,0,5335672,0
fem,15 — 19,1996,0,5385048,0
fem,15 — 19,1997,0,5458297,0
fem,15 — 19,1998,0,5594181,0
fem,15 — 19,1999,0,5737349,0
fem,15 — 19,2000,0,5841795,0
fem,15 — 19,2001,0,5908170,0
fem,15 — 19,2002,0,6001140,0
fem,15 — 19,2003,0,6181272,0
fem,15 — 19,2004,0,6041278,0
fem,15 — 19,2005,0,5846488,0
fem,15 — 19,2006,0,5620983,0
fem,15 — 19,2007,0,5218848,0
fem,15 — 19,2008,0,4767156,0
fem,15 — 19,2009,0,4345607,0
fem,15 — 19,2010,0,4157622,0
fem,15 — 19,2011,0,3885999,0
fem,15 — 19,2012,0,3615839,0
fem,15 — 19,2013,0,3445485,0
fem,15 — 19,2014,1,3395521,0
fem,15 — 19,2015,0,3332110,0
fem,15 — 19,2016,1,3287860,1
fem,15 — 19,2017,0,3271848,0
fem,15 — 19,2018,0,3331456,0
fem,20 — 24,1993,0,4734870,1
fem,20 — 24,1994,0,4855596,0
fem,20 — 24,1995,0,4986816,0
fem,20 — 24,1996,1,5093651,0
fem,20 — 24,1997,0,5168438,2
fem,20 — 24,1998,0,5229305,0
fem,20 — 24,1999,0,5291922,0
fem,20 — 24,2000,1,5347108,1
fem,20 — 24,2001,0,5361991,0
fem,20 — 24,2002,2,5424080,2
fem,20 — 24,2003,1,5760944,0
fem,20 — 24,2004,1,5930782,0
fem,20 — 24,2005,1,6045296,0
fem,20 — 24,2006,0,6198262,0
fem,20 — 24,2007,2,6283854,0
fem,20 — 24,2008,0,6257932,1
fem,20 — 24,2009,0,6127344,0
fem,20 — 24,2010,3,6044059,1
fem,20 — 24,2011,0,5837769,0
fem,20 — 24,2012,1,5515546,2
fem,20 — 24,2013,0,5109200,0
fem,20 — 24,2014,1,4888818,1
fem,20 — 24,2015,0,4549033,0
fem,20 — 24,2016,1,4137344,1
fem,20 — 24,2017,1,3834358,0
fem,20 — 24,2018,1,3591695,0
fem,25 — 29,1993,3,4889926,1
fem,25 — 29,1994,0,4718420,2
fem,25 — 29,1995,3,4645374,2
fem,25 — 29,1996,1,4639106,0
fem,25 — 29,1997,1,4697381,1
fem,25 — 29,1998,1,4797869,2
fem,25 — 29,1999,2,4909447,2
fem,25 — 29,2000,1,5022685,0
fem,25 — 29,2001,1,5098570,1
fem,25 — 29,2002,3,5157386,1
fem,25 — 29,2003,2,5311258,2
fem,25 — 29,2004,5,5375595,2
fem,25 — 29,2005,0,5439873,0
fem,25 — 29,2006,3,5559836,2
fem,25 — 29,2007,4,5659770,1
fem,25 — 29,2008,1,5827423,0
fem,25 — 29,2009,1,6011208,0
fem,25 — 29,2010,2,6098754,0
fem,25 — 29,2011,2,6058527,0
fem,25 — 29,2012,1,6179628,1
fem,25 — 29,2013,3,6215222,1
fem,25 — 29,2014,2,6202336,1
fem,25 — 29,2015,5,6240741,2
fem,25 — 29,2016,3,6123257,4
fem,25 — 29,2017,3,5844132,3
fem,25 — 29,2018,0,5462382,2
fem,30 — 34,1993,3,6285561,1
fem,30 — 34,1994,3,6081983,0
fem,30 — 34,1995,9,5802104,5
fem,30 — 34,1996,7,5489915,4
fem,30 — 34,1997,6,5198943,6
fem,30 — 34,1998,2,4946378,4
fem,30 — 34,1999,4,4761704,2
fem,30 — 34,2000,5,4671368,3
fem,30 — 34,2001,4,4634719,6
fem,30 — 34,2002,0,4681270,0
fem,30 — 34,2003,4,4946253,2
fem,30 — 34,2004,4,5032327,6
fem,30 — 34,2005,3,5112187,4
fem,30 — 34,2006,2,5224504,0
fem,30 — 34,2007,2,5284477,1
fem,30 — 34,2008,2,5351700,0
fem,30 — 34,2009,6,5429631,3
fem,30 — 34,2010,4,5457684,2
fem,30 — 34,2011,4,5579642,2
fem,30 — 34,2012,1,5647636,3
fem,30 — 34,2013,2,5769239,1
fem,30 — 34,2014,6,5840550,2
fem,30 — 34,2015,8,6049183,5
fem,30 — 34,2016,8,6116496,6
fem,30 — 34,2017,11,6267287,8
fem,30 — 34,2018,8,6365136,4
fem,35 — 39,1993,15,6324545,9
fem,35 — 39,1994,7,6406262,5
fem,35 — 39,1995,6,6448795,10
fem,35 — 39,1996,15,6482595,11
fem,35 — 39,1997,14,6448090,6
fem,35 — 39,1998,7,6322154,10
fem,35 — 39,1999,9,6105553,6
fem,35 — 39,2000,6,5808527,6
fem,35 — 39,2001,11,5462880,9
fem,35 — 39,2002,12,5161910,5
fem,35 — 39,2003,4,4985902,5
fem,35 — 39,2004,8,4810571,5
fem,35 — 39,2005,4,4745500,6
fem,35 — 39,2006,8,4792880,6
fem,35 — 39,2007,6,4862262,9
fem,35 — 39,2008,5,4963205,4
fem,35 — 39,2009,12,5060272,7
fem,35 — 39,2010,6,5117213,8
fem,35 — 39,2011,11,5266385,9
fem,35 — 39,2012,7,5331817,6
fem,35 — 39,2013,6,5390480,5
fem,35 — 39,2014,17,5428678,12
fem,35 — 39,2015,13,5557613,11
fem,35 — 39,2016,10,5653012,6
fem,35 — 39,2017,20,5689293,12
fem,35 — 39,2018,16,5789158,14
fem,40 — 44,1993,25,5763185,17
fem,40 — 44,1994,28,5899714,14
fem,40 — 44,1995,14,6013599,14
fem,40 — 44,1996,24,6124067,12
fem,40 — 44,1997,18,6209894,19
fem,40 — 44,1998,15,6318765,16
fem,40 — 44,1999,19,6390625,14
fem,40 — 44,2000,21,6420147,14
fem,40 — 44,2001,20,6418829,15
fem,40 — 44,2002,20,6373256,19
fem,40 — 44,2003,31,6313898,24
fem,40 — 44,2004,14,6107087,11
fem,40 — 44,2005,16,5805517,7
fem,40 — 44,2006,19,5521478,14
fem,40 — 44,2007,10,5225841,11
fem,40 — 44,2008,11,4972418,14
fem,40 — 44,2009,19,4807968,18
fem,40 — 44,2010,23,4749151,12
fem,40 — 44,2011,24,4787695,17
fem,40 — 44,2012,23,4861983,14
fem,40 — 44,2013,17,4967725,15
fem,40 — 44,2014,22,5016931,21
fem,40 — 44,2015,25,5213280,16
fem,40 — 44,2016,21,5282256,11
fem,40 — 44,2017,34,5373288,25
fem,40 — 44,2018,26,5412298,17
fem,45 — 49,1993,36,3509509,23
fem,45 — 49,1994,31,4179444,28
fem,45 — 49,1995,43,4845679,31
fem,45 — 49,1996,35,5266564,35
fem,45 — 49,1997,46,5511040,27
fem,45 — 49,1998,35,5712468,31
fem,45 — 49,1999,43,5843852,47
fem,45 — 49,2000,47,5947605,41
fem,45 — 49,2001,33,6025423,28
fem,45 — 49,2002,37,6097407,33
fem,45 — 49,2003,41,6176161,36
fem,45 — 49,2004,38,6243212,32
fem,45 — 49,2005,31,6290234,19
fem,45 — 49,2006,51,6374378,42
fem,45 — 49,2007,44,6350615,34
fem,45 — 49,2008,49,6247783,30
fem,45 — 49,2009,38,6055706,34
fem,45 — 49,2010,57,5938526,30
fem,45 — 49,2011,51,5427779,38
fem,45 — 49,2012,46,5151813,33
fem,45 — 49,2013,53,4921438,31
fem,45 — 49,2014,34,4822505,30
fem,45 — 49,2015,48,4788276,30
fem,45 — 49,2016,56,4804291,39
fem,45 — 49,2017,44,4840782,23
fem,45 — 49,2018,45,4953174,40
fem,50 — 54,1993,88,4549407,73
fem,50 — 54,1994,85,3756324,59
fem,50 — 54,1995,65,3131648,44
fem,50 — 54,1996,52,2844628,41
fem,50 — 54,1997,50,2978173,33
fem,50 — 54,1998,70,3443882,39
fem,50 — 54,1999,58,4102613,47
fem,50 — 54,2000,59,4750875,57
fem,50 — 54,2001,73,5139500,50
fem,50 — 54,2002,80,5363248,60
fem,50 — 54,2003,73,5548509,63
fem,50 — 54,2004,74,5655935,62
fem,50 — 54,2005,91,5737006,59
fem,50 — 54,2006,73,5857013,61
fem,50 — 54,2007,60,5941007,57
fem,50 — 54,2008,96,6045940,63
fem,50 — 54,2009,101,6126504,78
fem,50 — 54,2010,106,6139482,74
fem,50 — 54,2011,98,6251232,68
fem,50 — 54,2012,85,6219077,73
fem,50 — 54,2013,99,6105546,63
fem,50 — 54,2014,113,6029925,81
fem,50 — 54,2015,95,5899850,71
fem,50 — 54,2016,96,5575891,67
fem,50 — 54,2017,101,5289883,80
fem,50 — 54,2018,104,5028414,79
fem,55 — 59,1993,156,4750452,126
fem,55 — 59,1994,168,5164191,153
fem,55 — 59,1995,144,5411744,130
fem,55 — 59,1996,150,5425768,113
fem,55 — 59,1997,115,5094863,103
fem,55 — 59,1998,95,4400756,86
fem,55 — 59,1999,83,3633809,83
fem,55 — 59,2000,71,3027171,56
fem,55 — 59,2001,64,2740934,66
fem,55 — 59,2002,65,2865334,47
fem,55 — 59,2003,69,3321561,49
fem,55 — 59,2004,72,3936283,74
fem,55 — 59,2005,110,4548605,73
fem,55 — 59,2006,120,4944618,85
fem,55 — 59,2007,120,5166500,119
fem,55 — 59,2008,140,5349291,92
fem,55 — 59,2009,130,5469299,78
fem,55 — 59,2010,144,5512865,111
fem,55 — 59,2011,140,5736338,118
fem,55 — 59,2012,141,5817559,117
fem,55 — 59,2013,144,5920897,114
fem,55 — 59,2014,154,5984398,119
fem,55 — 59,2015,179,6099119,140
fem,55 — 59,2016,187,6192071,124
fem,55 — 59,2017,172,6208014,136
fem,55 — 59,2018,189,6136536,133
fem,60 — 64,1993,298,4673430,270
fem,60 — 64,1994,262,4300820,233
fem,60 — 64,1995,223,4043937,200
fem,60 — 64,1996,188,4005177,175
fem,60 — 64,1997,188,4170683,165
fem,60 — 64,1998,244,4504814,187
fem,60 — 64,1999,195,4903659,180
fem,60 — 64,2000,178,5135363,146
fem,60 — 64,2001,184,5123989,163
fem,60 — 64,2002,153,4795052,157
fem,60 — 64,2003,148,4172885,147
fem,60 — 64,2004,142,3433378,122
fem,60 — 64,2005,119,2851726,96
fem,60 — 64,2006,108,2597677,75
fem,60 — 64,2007,110,2723164,73
fem,60 — 64,2008,113,3138773,81
fem,60 — 64,2009,156,3729809,116
fem,60 — 64,2010,147,4063024,109
fem,60 — 64,2011,173,4798146,152
fem,60 — 64,2012,214,5010868,164
fem,60 — 64,2013,206,5183878,162
fem,60 — 64,2014,192,5262237,132
fem,60 — 64,2015,220,5445508,175
fem,60 — 64,2016,217,5557161,160
fem,60 — 64,2017,228,5646314,164
fem,60 — 64,2018,270,5727737,180
fem,65 — 69,1993,488,4598575,480
fem,65 — 69,1994,455,4723937,449
fem,65 — 69,1995,431,4759272,406
fem,65 — 69,1996,382,4678818,360
fem,65 — 69,1997,371,4510800,378
fem,65 — 69,1998,359,4254402,332
fem,65 — 69,1999,314,3918561,279
fem,65 — 69,2000,291,3685716,266
fem,65 — 69,2001,258,3639094,248
fem,65 — 69,2002,220,3787799,195
fem,65 — 69,2003,259,4125324,215
fem,65 — 69,2004,254,4489393,229
fem,65 — 69,2005,246,4705262,221
fem,65 — 69,2006,262,4727647,229
fem,65 — 69,2007,241,4432223,185
fem,65 — 69,2008,193,3822151,163
fem,65 — 69,2009,152,3153434,136
fem,65 — 69,2010,150,2835403,125
fem,65 — 69,2011,129,2430911,113
fem,65 — 69,2012,126,2571672,99
fem,65 — 69,2013,145,2983249,109
fem,65 — 69,2014,187,3233165,156
fem,65 — 69,2015,232,3948972,193
fem,65 — 69,2016,268,4463449,199
fem,65 — 69,2017,299,4694727,197
fem,65 — 69,2018,287,4882988,239
fem,70 — 74,1993,395,2651551,381
fem,70 — 74,1994,441,2870718,374
fem,70 — 74,1995,426,3147609,425
fem,70 — 74,1996,458,3458020,414
fem,70 — 74,1997,437,3740165,428
fem,70 — 74,1998,454,3946839,482
fem,70 — 74,1999,471,4059447,455
fem,70 — 74,2000,450,4089927,408
fem,70 — 74,2001,473,4002545,439
fem,70 — 74,2002,419,3844112,394
fem,70 — 74,2003,375,3623544,334
fem,70 — 74,2004,320,3330189,330
fem,70 — 74,2005,308,3143511,281
fem,70 — 74,2006,300,3135692,262
fem,70 — 74,2007,255,3298204,233
fem,70 — 74,2008,275,3596598,243
fem,70 — 74,2009,282,3935133,272
fem,70 — 74,2010,298,4094062,246
fem,70 — 74,2011,236,4234793,256
fem,70 — 74,2012,265,3975347,238
fem,70 — 74,2013,197,3429835,198
fem,70 — 74,2014,179,3121214,190
fem,70 — 74,2015,180,2611754,142
fem,70 — 74,2016,173,2243123,121
fem,70 — 74,2017,177,2222139,138
fem,70 — 74,2018,181,2527927,171
fem,75 — 79,1993,452,2081993,399
fem,75 — 79,1994,392,1949560,386
fem,75 — 79,1995,332,1841060,329
fem,75 — 79,1996,309,1826555,303
fem,75 — 79,1997,333,1899464,318
fem,75 — 79,1998,296,2042255,293
fem,75 — 79,1999,377,2228123,330
fem,75 — 79,2000,355,2440518,346
fem,75 — 79,2001,383,2671431,390
fem,75 — 79,2002,420,2883006,398
fem,75 — 79,2003,413,2994758,413
fem,75 — 79,2004,426,3085169,404
fem,75 — 79,2005,412,3122653,404
fem,75 — 79,2006,368,3095078,341
fem,75 — 79,2007,367,2998823,352
fem,75 — 79,2008,306,2832894,277
fem,75 — 79,2009,295,2622918,283
fem,75 — 79,2010,285,2536129,254
fem,75 — 79,2011,307,2532256,259
fem,75 — 79,2012,275,2709381,241
fem,75 — 79,2013,276,2997532,219
fem,75 — 79,2014,285,3160390,256
fem,75 — 79,2015,273,3513180,263
fem,75 — 79,2016,299,3615338,244
fem,75 — 79,2017,298,3587124,257
fem,75 — 79,2018,283,3187914,233
fem,80 — 84,1993,353,1649177,381
fem,80 — 84,1994,396,1669906,407
fem,80 — 84,1995,306,1658016,327
fem,80 — 84,1996,314,1567726,289
fem,80 — 84,1997,271,1437297,277
fem,80 — 84,1998,236,1328703,240
fem,80 — 84,1999,200,1249489,232
fem,80 — 84,2000,191,1190788,200
fem,80 — 84,2001,182,1181814,195
fem,80 — 84,2002,177,1216693,190
fem,80 — 84,2003,201,1293673,181
fem,80 — 84,2004,225,1407435,224
fem,80 — 84,2005,238,1559094,229
fem,80 — 84,2006,230,1716060,233
fem,80 — 84,2007,257,1858380,247
fem,80 — 84,2008,266,1978583,260
fem,80 — 84,2009,262,2056462,280
fem,80 — 84,2010,310,2076410,271
fem,80 — 84,2011,253,2124063,303
fem,80 — 84,2012,257,2073805,253
fem,80 — 84,2013,244,1971200,237
fem,80 — 84,2014,225,1894129,188
fem,80 — 84,2015,240,1820226,197
fem,80 — 84,2016,221,1800161,201
fem,80 — 84,2017,217,1902510,187
fem,80 — 84,2018,257,2125468,208
fem,85,1993,190,912113,210
fem,85,1994,159,930889,199
fem,85,1995,188,956999,218
fem,85,1996,144,991665,176
fem,85,1997,156,1038143,174
fem,85,1998,168,1076652,168
fem,85,1999,189,1103971,189
fem,85,2000,186,1107982,176
fem,85,2001,159,1066463,173
fem,85,2002,142,1026946,132
fem,85,2003,153,881890,142
fem,85,2004,120,865831,126
fem,85,2005,117,840993,123
fem,85,2006,116,835150,126
fem,85,2007,125,853734,106
fem,85,2008,99,903364,127
fem,85,2009,135,978430,154
fem,85,2010,167,1022250,145
fem,85,2011,146,1172768,163
fem,85,2012,151,1008625,156
fem,85,2013,156,1386586,165
fem,85,2014,181,1433938,189
fem,85,2015,219,1531276,219
fem,85,2016,210,1613848,207
fem,85,2017,195,1632175,169
fem,85,2018,182,1652664,175
male,0 — 4,1993,0,4765198,0
male,0 — 4,1994,0,4369440,0
male,0 — 4,1995,0,4047325,0
male,0 — 4,1996,0,3765155,0
male,0 — 4,1997,0,3550013,0
male,0 — 4,1998,0,3431484,0
male,0 — 4,1999,0,3345256,0
male,0 — 4,2000,0,3263077,0
male,0 — 4,2001,0,3209804,0
male,0 — 4,2002,0,3243908,0
male,0 — 4,2003,0,3298080,0
male,0 — 4,2004,0,3399967,0
male,0 — 4,2005,0,3502489,0
male,0 — 4,2006,0,3658850,0
male,0 — 4,2007,0,3767123,0
male,0 — 4,2008,0,3888308,0
male,0 — 4,2009,0,4017672,0
male,0 — 4,2010,0,4085316,0
male,0 — 4,2011,0,4212100,0
male,0 — 4,2012,0,4377528,0
male,0 — 4,2013,0,4513291,0
male,0 — 4,2014,0,4569189,0
male,0 — 4,2015,0,4758296,0
male,0 — 4,2016,0,4887993,0
male,0 — 4,2017,0,4923684,0
male,0 — 4,2018,0,4802893,0
male,05 — 09,1993,0,6181399,0
male,05 — 09,1994,0,6096195,0
male,05 — 09,1995,0,5949649,0
male,05 — 09,1996,0,5684430,0
male,05 — 09,1997,0,5295250,0
male,05 — 09,1998,0,4843320,0
male,05 — 09,1999,0,4423897,0
male,05 — 09,2000,0,4077714,0
male,05 — 09,2001,0,3759301,0
male,05 — 09,2002,0,3536490,0
male,05 — 09,2003,0,3422357,0
male,05 — 09,2004,0,3334676,0
male,05 — 09,2005,0,3254903,0
male,05 — 09,2006,0,3273099,0
male,05 — 09,2007,0,3289584,0
male,05 — 09,2008,0,3360294,0
male,05 — 09,2009,0,3465122,0
male,05 — 09,2010,0,3526812,0
male,05 — 09,2011,0,3679607,0
male,05 — 09,2012,0,3762805,0
male,05 — 09,2013,0,3865465,0
male,05 — 09,2014,0,3921555,1
male,05 — 09,2015,0,4097859,0
male,05 — 09,2016,0,4211668,0
male,05 — 09,2017,0,4389167,0
male,05 — 09,2018,0,4552880,0
male,10 — 14,1993,0,5719732,0
male,10 — 14,1994,0,5880698,0
male,10 — 14,1995,0,6007464,0
male,10 — 14,1996,0,6129435,0
male,10 — 14,1997,0,6243125,0
male,10 — 14,1998,0,6253830,0
male,10 — 14,1999,0,6152074,0
male,10 — 14,2000,0,5983149,0
male,10 — 14,2001,0,5669579,0
male,10 — 14,2002,0,5273584,0
male,10 — 14,2003,0,4906024,0
male,10 — 14,2004,0,4466024,0
male,10 — 14,2005,0,4095773,0
male,10 — 14,2006,0,3850888,0
male,10 — 14,2007,0,3621800,0
male,10 — 14,2008,0,3487875,0
male,10 — 14,2009,0,3404713,0
male,10 — 14,2010,0,3355989,0
male,10 — 14,2011,0,3373146,0
male,10 — 14,2012,0,3396364,0
male,10 — 14,2013,0,3462421,0
male,10 — 14,2014,0,3496772,0
male,10 — 14,2015,0,3651092,0
male,10 — 14,2016,0,3712709,0
male,10 — 14,2017,0,3791237,0
male,10 — 14,2018,0,3889114,0
male,15 — 19,1993,0,5334736,0
male,15 — 19,1994,0,5420061,0
male,15 — 19,1995,0,5493675,0
male,15 — 19,1996,0,5538923,0
male,15 — 19,1997,0,5610759,0
male,15 — 19,1998,0,5752116,0
male,15 — 19,1999,0,5903004,0
male,15 — 19,2000,0,6015926,0
male,15 — 19,2001,0,6093644,0
male,15 — 19,2002,0,6198969,0
male,15 — 19,2003,0,6384237,0
male,15 — 19,2004,0,6243875,0
male,15 — 19,2005,0,6053586,0
male,15 — 19,2006,0,5835459,0
male,15 — 19,2007,0,5428425,0
male,15 — 19,2008,0,4966747,0
male,15 — 19,2009,0,4532696,0
male,15 — 19,2010,0,4338040,0
male,15 — 19,2011,0,4048449,0
male,15 — 19,2012,0,3776022,0
male,15 — 19,2013,0,3608296,0
male,15 — 19,2014,1,3559891,0
male,15 — 19,2015,0,3496839,0
male,15 — 19,2016,0,3443026,0
male,15 — 19,2017,0,3418141,0
male,15 — 19,2018,0,3484480,0
male,20 — 24,1993,1,5081182,0
male,20 — 24,1994,5,5188129,1
male,20 — 24,1995,0,5254686,1
male,20 — 24,1996,4,5303123,0
male,20 — 24,1997,3,5333224,4
male,20 — 24,1998,0,5359978,0
male,20 — 24,1999,0,5403032,0
male,20 — 24,2000,2,5446421,1
male,20 — 24,2001,2,5454000,1
male,20 — 24,2002,0,5515783,0
male,20 — 24,2003,0,5871775,0
male,20 — 24,2004,3,6054924,0
male,20 — 24,2005,0,6174825,2
male,20 — 24,2006,2,6339471,0
male,20 — 24,2007,1,6433704,1
male,20 — 24,2008,1,6410352,0
male,20 — 24,2009,1,6286997,1
male,20 — 24,2010,1,6212084,1
male,20 — 24,2011,1,6022390,3
male,20 — 24,2012,3,5708195,0
male,20 — 24,2013,1,5300630,0
male,20 — 24,2014,4,5082059,2
male,20 — 24,2015,2,4743897,1
male,20 — 24,2016,1,4307642,0
male,20 — 24,2017,2,3993373,1
male,20 — 24,2018,0,3744119,2
male,25 — 29,1993,10,4996908,2
male,25 — 29,1994,5,4864378,6
male,25 — 29,1995,0,4872946,1
male,25 — 29,1996,5,4929968,3
male,25 — 29,1997,9,5031986,4
male,25 — 29,1998,4,5154364,3
male,25 — 29,1999,5,5223463,4
male,25 — 29,2000,4,5240527,2
male,25 — 29,2001,1,5231952,1
male,25 — 29,2002,4,5230449,1
male,25 — 29,2003,2,5322196,2
male,25 — 29,2004,4,5376557,3
male,25 — 29,2005,3,5434704,3
male,25 — 29,2006,2,5547352,1
male,25 — 29,2007,4,5660255,1
male,25 — 29,2008,4,5856723,1
male,25 — 29,2009,2,6063965,5
male,25 — 29,2010,5,6158595,2
male,25 — 29,2011,6,6111524,4
male,25 — 29,2012,0,6262376,1
male,25 — 29,2013,1,6323820,2
male,25 — 29,2014,6,6320134,1
male,25 — 29,2015,6,6379672,4
male,25 — 29,2016,5,6288406,3
male,25 — 29,2017,7,6034298,2
male,25 — 29,2018,4,5657478,4
male,30 — 34,1993,12,6363718,7
male,30 — 34,1994,8,6161664,9
male,30 — 34,1995,17,5885518,8
male,30 — 34,1996,13,5565658,4
male,30 — 34,1997,19,5257446,12
male,30 — 34,1998,8,4993501,5
male,30 — 34,1999,5,4839812,4
male,30 — 34,2000,5,4819001,5
male,30 — 34,2001,7,4846092,6
male,30 — 34,2002,11,4925837,8
male,30 — 34,2003,7,4938438,8
male,30 — 34,2004,8,5009583,6
male,30 — 34,2005,5,5065471,3
male,30 — 34,2006,7,5144043,5
male,30 — 34,2007,9,5183021,3
male,30 — 34,2008,7,5234654,5
male,30 — 34,2009,9,5309762,5
male,30 — 34,2010,6,5341307,9
male,30 — 34,2011,6,5486677,7
male,30 — 34,2012,4,5583513,4
male,30 — 34,2013,11,5734091,9
male,30 — 34,2014,7,5820078,6
male,30 — 34,2015,15,6043247,12
male,30 — 34,2016,11,6102791,5
male,30 — 34,2017,12,6270161,9
male,30 — 34,2018,16,6400512,8
male,35 — 39,1993,41,6271523,34
male,35 — 39,1994,39,6347427,38
male,35 — 39,1995,38,6380945,37
male,35 — 39,1996,35,6404641,25
male,35 — 39,1997,54,6371358,33
male,35 — 39,1998,25,6249352,26
male,35 — 39,1999,25,6036862,21
male,35 — 39,2000,25,5746038,18
male,35 — 39,2001,30,5405921,25
male,35 — 39,2002,27,5088978,18
male,35 — 39,2003,17,4829501,19
male,35 — 39,2004,22,4655536,18
male,35 — 39,2005,14,4596731,11
male,35 — 39,2006,18,4645260,10
male,35 — 39,2007,30,4718551,21
male,35 — 39,2008,24,4814722,15
male,35 — 39,2009,12,4900871,14
male,35 — 39,2010,38,4951679,20
male,35 — 39,2011,46,5029273,29
male,35 — 39,2012,29,5087564,33
male,35 — 39,2013,38,5145843,23
male,35 — 39,2014,25,5185157,29
male,35 — 39,2015,38,5326781,36
male,35 — 39,2016,39,5444921,25
male,35 — 39,2017,42,5505186,23
male,35 — 39,2018,41,5635600,32
male,40 — 44,1993,210,5582556,183
male,40 — 44,1994,163,5696677,198
male,40 — 44,1995,158,5785316,146
male,40 — 44,1996,149,5869956,137
male,40 — 44,1997,146,5944718,134
male,40 — 44,1998,126,6046292,135
male,40 — 44,1999,106,6112856,111
male,40 — 44,2000,134,6133058,95
male,40 — 44,2001,107,6127602,106
male,40 — 44,2002,88,6073825,94
male,40 — 44,2003,110,5937561,85
male,40 — 44,2004,83,5730201,69
male,40 — 44,2005,81,5425235,71
male,40 — 44,2006,71,5137054,62
male,40 — 44,2007,112,4860050,87
male,40 — 44,2008,83,4630085,63
male,40 — 44,2009,70,4489162,59
male,40 — 44,2010,72,4444165,53
male,40 — 44,2011,76,4507655,73
male,40 — 44,2012,97,4589503,57
male,40 — 44,2013,103,4689062,83
male,40 — 44,2014,77,4733594,62
male,40 — 44,2015,114,4908796,72
male,40 — 44,2016,100,4937356,95
male,40 — 44,2017,121,5007750,99
male,40 — 44,2018,126,5041161,91
male,45 — 49,1993,315,3288501,296
male,45 — 49,1994,339,3901547,325
male,45 — 49,1995,354,4499834,342
male,45 — 49,1996,426,4870761,411
male,45 — 49,1997,407,5083106,396
male,45 — 49,1998,381,5257354,389
male,45 — 49,1999,323,5366036,317
male,45 — 49,2000,339,5443706,312
male,45 — 49,2001,339,5498771,328
male,45 — 49,2002,341,5547421,316
male,45 — 49,2003,353,5531272,346
male,45 — 49,2004,303,5571874,267
male,45 — 49,2005,295,5609321,264
male,45 — 49,2006,308,5685938,256
male,45 — 49,2007,280,5660133,237
male,45 — 49,2008,285,5570736,230
male,45 — 49,2009,276,5409116,234
male,45 — 49,2010,284,5308734,233
male,45 — 49,2011,251,4864341,229
male,45 — 49,2012,256,4632279,219
male,45 — 49,2013,243,4444476,197
male,45 — 49,2014,259,4364324,195
male,45 — 49,2015,226,4351848,206
male,45 — 49,2016,216,4388816,197
male,45 — 49,2017,243,4438688,204
male,45 — 49,2018,276,4546390,199
male,50 — 54,1993,813,3881094,825
male,50 — 54,1994,639,3198503,633
male,50 — 54,1995,483,2667863,487
male,50 — 54,1996,448,2441528,433
male,50 — 54,1997,456,2590651,397
male,50 — 54,1998,495,3012070,485
male,50 — 54,1999,612,3578859,524
male,50 — 54,2000,648,4124549,629
male,50 — 54,2001,699,4444127,631
male,50 — 54,2002,649,4610311,613
male,50 — 54,2003,749,4709012,720
male,50 — 54,2004,710,4763366,671
male,50 — 54,2005,655,4793794,624
male,50 — 54,2006,682,4868054,630
male,50 — 54,2007,670,4935139,568
male,50 — 54,2008,698,5026432,615
male,50 — 54,2009,656,5102408,625
male,50 — 54,2010,694,5121251,578
male,50 — 54,2011,639,5283641,591
male,50 — 54,2012,652,5279361,553
male,50 — 54,2013,651,5204737,563
male,50 — 54,2014,628,5154298,527
male,50 — 54,2015,636,5057055,483
male,50 — 54,2016,609,4780600,533
male,50 — 54,2017,569,4545011,440
male,50 — 54,2018,548,4343928,421
male,55 — 59,1993,1198,3857255,1234
male,55 — 59,1994,1165,4151589,1196
male,55 — 59,1995,1205,4296680,1220
male,55 — 59,1996,1205,4260579,1255
male,55 — 59,1997,1039,3962823,1032
male,55 — 59,1998,870,3401968,945
male,55 — 59,1999,765,2807088,765
male,55 — 59,2000,603,2343908,668
male,55 — 59,2001,601,2146333,557
male,55 — 59,2002,601,2274757,597
male,55 — 59,2003,757,2622745,626
male,55 — 59,2004,918,3089561,845
male,55 — 59,2005,933,3549614,874
male,55 — 59,2006,984,3843018,958
male,55 — 59,2007,1079,4000921,948
male,55 — 59,2008,1078,4125582,957
male,55 — 59,2009,1068,4204735,989
male,55 — 59,2010,1107,4235095,984
male,55 — 59,2011,1073,4402542,979
male,55 — 59,2012,1062,4480858,904
male,55 — 59,2013,1112,4587152,984
male,55 — 59,2014,1118,4649661,1001
male,55 — 59,2015,1175,4773461,1010
male,55 — 59,2016,1149,4900632,983
male,55 — 59,2017,1125,4947111,935
male,55 — 59,2018,1084,4912848,934
male,60 — 64,1993,1421,3377445,1553
male,60 — 64,1994,1321,3097324,1403
male,60 — 64,1995,1124,2909878,1165
male,60 — 64,1996,1178,2882629,1124
male,60 — 64,1997,1216,3005906,1158
male,60 — 64,1998,1289,3249308,1230
male,60 — 64,1999,1337,3506323,1238
male,60 — 64,2000,1254,3626026,1235
male,60 — 64,2001,1237,3570708,1236
male,60 — 64,2002,1061,3289283,1068
male,60 — 64,2003,979,2840853,949
male,60 — 64,2004,811,2320717,790
male,60 — 64,2005,654,1924755,637
male,60 — 64,2006,631,1773963,569
male,60 — 64,2007,724,1894077,582
male,60 — 64,2008,886,2196722,750
male,60 — 64,2009,1054,2605097,908
male,60 — 64,2010,1112,2833901,1006
male,60 — 64,2011,1289,3382732,1167
male,60 — 64,2012,1254,3523994,1165
male,60 — 64,2013,1351,3635352,1191
male,60 — 64,2014,1422,3686287,1254
male,60 — 64,2015,1376,3814403,1275
male,60 — 64,2016,1424,3887444,1225
male,60 — 64,2017,1439,3963518,1248
male,60 — 64,2018,1374,4055180,1171
male,65 — 69,1993,1399,2496999,1365
male,65 — 69,1994,1388,2722555,1420
male,65 — 69,1995,1421,2859230,1368
male,65 — 69,1996,1371,2881608,1375
male,65 — 69,1997,1327,2800402,1323
male,65 — 69,1998,1286,2636387,1244
male,65 — 69,1999,1020,2423364,1071
male,65 — 69,2000,975,2284098,969
male,65 — 69,2001,962,2260074,989
male,65 — 69,2002,987,2350314,970
male,65 — 69,2003,1063,2558274,1014
male,65 — 69,2004,1146,2741247,1097
male,65 — 69,2005,1162,2830491,1114
male,65 — 69,2006,1131,2805793,1056
male,65 — 69,2007,1028,2597674,1012
male,65 — 69,2008,895,2219267,876
male,65 — 69,2009,741,1826881,753
male,65 — 69,2010,651,1644173,631
male,65 — 69,2011,644,1473505,574
male,65 — 69,2012,673,1602836,571
male,65 — 69,2013,797,1877878,667
male,65 — 69,2014,952,2035610,861
male,65 — 69,2015,1178,2478849,1014
male,65 — 69,2016,1300,2799845,1128
male,65 — 69,2017,1346,2942496,1213
male,65 — 69,2018,1403,3054010,1188
male,70 — 74,1993,573,1015563,521
male,70 — 74,1994,641,1092084,608
male,70 — 74,1995,668,1209717,633
male,70 — 74,1996,762,1381256,687
male,70 — 74,1997,864,1599368,883
male,70 — 74,1998,971,1809593,870
male,70 — 74,1999,1052,1968872,979
male,70 — 74,2000,1043,2058758,975
male,70 — 74,2001,943,2053418,944
male,70 — 74,2002,881,1977736,883
male,70 — 74,2003,878,1898981,865
male,70 — 74,2004,704,1738722,683
male,70 — 74,2005,739,1636508,699
male,70 — 74,2006,763,1631379,705
male,70 — 74,2007,731,1716807,725
male,70 — 74,2008,815,1861634,737
male,70 — 74,2009,898,2008528,865
male,70 — 74,2010,943,2075235,873
male,70 — 74,2011,905,2142250,858
male,70 — 74,2012,850,1989729,788
male,70 — 74,2013,667,1708215,673
male,70 — 74,2014,593,1556336,515
male,70 — 74,2015,509,1318548,461
male,70 — 74,2016,486,1156592,426
male,70 — 74,2017,566,1193965,487
male,70 — 74,2018,637,1391573,597
male,75 — 79,1993,434,675798,412
male,75 — 79,1994,363,637575,317
male,75 — 79,1995,302,609267,301
male,75 — 79,1996,356,607038,318
male,75 — 79,1997,361,622053,339
male,75 — 79,1998,339,656286,317
male,75 — 79,1999,369,713392,325
male,75 — 79,2000,424,787799,395
male,75 — 79,2001,474,894021,399
male,75 — 79,2002,487,1027948,460
male,75 — 79,2003,546,1128810,540
male,75 — 79,2004,580,1222623,548
male,75 — 79,2005,606,1286956,570
male,75 — 79,2006,526,1308578,520
male,75 — 79,2007,575,1276123,558
male,75 — 79,2008,522,1205604,482
male,75 — 79,2009,440,1117140,453
male,75 — 79,2010,417,1080449,373
male,75 — 79,2011,491,1093467,431
male,75 — 79,2012,470,1179475,447
male,75 — 79,2013,546,1305068,501
male,75 — 79,2014,540,1369864,510
male,75 — 79,2015,611,1508547,585
male,75 — 79,2016,584,1541511,554
male,75 — 79,2017,564,1514304,512
male,75 — 79,2018,502,1332970,456
male,80 — 84,1993,201,448286,219
male,80 — 84,1994,195,455540,253
male,80 — 84,1995,193,447604,202
male,80 — 84,1996,192,418593,174
male,80 — 84,1997,175,386463,168
male,80 — 84,1998,174,358727,171
male,80 — 84,1999,149,340138,133
male,80 — 84,2000,144,331775,121
male,80 — 84,2001,139,332980,144
male,80 — 84,2002,164,337774,159
male,80 — 84,2003,161,336677,137
male,80 — 84,2004,174,364555,172
male,80 — 84,2005,182,409641,178
male,80 — 84,2006,213,472034,195
male,80 — 84,2007,235,546725,210
male,80 — 84,2008,241,617537,251
male,80 — 84,2009,253,668637,240
male,80 — 84,2010,254,686972,257
male,80 — 84,2011,288,732688,265
male,80 — 84,2012,252,722150,259
male,80 — 84,2013,220,690463,237
male,80 — 84,2014,219,666428,182
male,80 — 84,2015,238,647410,228
male,80 — 84,2016,242,647705,210
male,80 — 84,2017,264,691621,214
male,80 — 84,2018,270,783134,256
male,85,1993,89,190195,95
male,85,1994,96,198208,95
male,85,1995,97,209884,87
male,85,1996,92,223612,97
male,85,1997,101,237686,91
male,85,1998,90,251123,94
male,85,1999,112,261424,100
male,85,2000,99,264815,88
male,85,2001,92,258109,91
male,85,2002,72,256536,81
male,85,2003,66,183197,71
male,85,2004,60,183300,61
male,85,2005,59,182227,62
male,85,2006,69,186037,68
male,85,2007,72,192925,71
male,85,2008,61,206085,59
male,85,2009,75,227010,73
male,85,2010,87,239583,73
male,85,2011,101,267296,90
male,85,2012,103,308393,95
male,85,2013,114,353953,112
male,85,2014,122,372969,123
male,85,2015,139,412008,107
male,85,2016,123,453312,120
male,85,2017,120,470498,117
male,85,2018,136,486902,108
